id,firstname,lastname,email,profession
100,Damaris,Celestine,Damaris.Celestine@yopmail.com,worker
101,Gusella,Bergman,Gusella.Bergman@yopmail.com,developer
102,Adelle,Eachern,Adelle.Eachern@yopmail.com,worker
103,Joane,Zrike,Joane.Zrike@yopmail.com,doctor
104,Carlie,Carlson,Carlie.Carlson@yopmail.com,police officer
105,Marti,Adrienne,Marti.Adrienne@yopmail.com,police officer
106,Maisey,Roxanna,Maisey.Roxanna@yopmail.com,worker
107,Jean,Buffum,Jean.Buffum@yopmail.com,developer
108,Rosaline,Lilybelle,Rosaline.Lilybelle@yopmail.com,police officer
109,Trudie,Giule,Trudie.Giule@yopmail.com,worker
110,Merci,Chem,Merci.Chem@yopmail.com,developer
111,Donnie,Jammal,Donnie.Jammal@yopmail.com,developer
112,Carlie,Firmin,Carlie.Firmin@yopmail.com,developer
113,Brianna,Armanda,Brianna.Armanda@yopmail.com,worker
114,Myriam,Kiyoshi,Myriam.Kiyoshi@yopmail.com,worker
115,Betta,Georgy,Betta.Georgy@yopmail.com,worker
116,Estell,Francene,Estell.Francene@yopmail.com,developer
117,Aaren,Daegal,Aaren.Daegal@yopmail.com,police officer
118,Fayre,Buckler,Fayre.Buckler@yopmail.com,developer
119,Anthia,Durware,Anthia.Durware@yopmail.com,firefighter
120,Gwyneth,Stilwell,Gwyneth.Stilwell@yopmail.com,police officer
121,Stevana,Ardeha,Stevana.Ardeha@yopmail.com,developer
122,Kial,Cynar,Kial.Cynar@yopmail.com,worker
123,Ricky,Korey,Ricky.Korey@yopmail.com,worker
124,Kaja,Stacy,Kaja.Stacy@yopmail.com,doctor
125,Rhoda,Alrich,Rhoda.Alrich@yopmail.com,developer
126,Catharine,Voletta,Catharine.Voletta@yopmail.com,doctor
127,Helsa,Birdella,Helsa.Birdella@yopmail.com,police officer
128,Lisette,Harday,Lisette.Harday@yopmail.com,police officer
129,Caritta,Lucienne,Caritta.Lucienne@yopmail.com,firefighter
130,Steffane,Jarib,Steffane.Jarib@yopmail.com,worker
